{"_id":"58cd3eceeca14cb41eb68197","scenes":[{"scene":"cena_inicial","components":[{"name":"TextoApresentacao","position":"D:5:9:71:105:176:277","zindex":0,"enabled":true,"visibled":true,"text":"Hey children, let's go writing fantastic stories! Choose a lesson now and start your story."},{"name":"MrBook","position":"D:114:48:100:72:176:277","zindex":0,"enabled":true,"visibled":true,"source":"./components/MrBook.png"},{"name":"BotaoAtividade1","position":"D:90:80:68:58:176:277","zindex":1,"enabled":false,"visibled":true,"label":"Lesson 1"},{"name":"BotaoAtividade2","position":"D:147:80:68:58:176:277","zindex":1,"enabled":true,"visibled":true,"label":"Lesson 2"},{"name":"BotaoCreditos","position":"D:215:14:30:25:176:277","zindex":0,"enabled":false,"visibled":true,"label":"Credits"}]},{"scene":"cena_atividade1","components":[{"name":"TextoApresentacaoAtividade1","position":"D:5:9:71:105:176:277","zindex":0,"enabled":true,"visibled":true,"text":"Choose one of the following scenarios and write a fantastic story. Scenarios for your story: Circus, School, Farm, Forest or Beach."},{"name":"FolhaAtividade1","position":"D:181:300:139:228:264:222","zindex":0,"enabled":true,"visibled":true,"source":"./components/Folha_Atividade1.png"}]},{"scene":"cena_atividade2","components":[{"name":"TextoApresentacaoAtividade2","position":"D:5:9:71:105:176:277","zindex":0,"enabled":true,"visibled":true,"text":"Now you can choose any scenario for another story. Let's go! Think in a place and write another fantastic story."},{"name":"FolhaAtividade2","position":"D:181:300:139:228:264:222","zindex":0,"enabled":true,"visibled":true,"source":"./components/Folha_Atividade2.png"}]},{"scene":"cena_creditos","components":[{"name":"BotaoVoltar","position":"D:10:7:28:24:154:273","zindex":0,"enabled":true,"visibled":true,"label":"Back"},{"name":"VideoCreditos","position":"D:12:4:150:262:154:273","zindex":0,"enabled":true,"visibled":true,"startTime":0,"stopTime":15,"source":"./components/Video_Creditos.mp4"}]}]}