{"_id":"55e37b46b2c079e80f77f64f","scenes":[{"scene":"principal","components":[{"name":"TelaMrBook","enabled":true,"visible":true,"source":"./components/TelaMrBook.swf","position":"D:114:48:100:72:176:277","zindex":0},{"name":"bt_At1","enabled":true,"visible":true,"source":"./components/bt_At1.swf","position":"D:90:80:68:58:176:277","zindex":1},{"name":"bt_At2","enabled":true,"visible":true,"source":"./components/bt_At2.swf","position":"D:147:80:68:58:176:277","zindex":2},{"name":"bt_creditos","enabled":true,"visible":true,"source":"./components/bt_creditos.swf","position":"D:215:14:30:25:176:277","zindex":0},{"name":"txt_creditos","enabled":true,"visible":true,"position":"D:215:14:30:25:176:277","zindex":0}]},{"scene":"creditos","components":[{"name":"VideoCreditos","enabled":true,"visible":true,"source":"./components/VideoCreditos.avi","position":"D:12:4:150:262:154:273","zindex":0,"startTime":0,"stopTime":55}]}]}