{"scenes": [{"scene" : "principal", "components" : [{"name": "TelaMrBook", "enabled" : false, "visible" : false, "source" : "TelaMrBook.swf","position" : "D:114:48:100:72:176:277", "zindex" : 0}, {"name":"bt_At1", "enabled" : true, "visible" : false, "source" : "bt_At1.swf", "position" : "D:90:80:68:58:176:277", "zindex" : 1},{"name":"bt_At2", "enabled" : true, "visible" : true, "source" : "bt_At2.swf", "position" : "D:147:80:68:58:176:277", "zindex" : 2}, {"name":"bt_creditos", "enabled" : true, "visible" : true, "source" : "bt_creditos_novo.swf", "position" : "D:215:14:30:25:176:277", "zindex" : 0}]},{"scene" : "creditos", "components" : [{"name" : "VideoCreditos", "enabled" : true, "visible" : true,"source" : "VideoCreditos.avi","position" : "D:12:4:150:262:154:273", "zindex": 0, "startTime" : 10, "stopTime" : 50}]}]}