{  
   "formats":[  
      "application/x-shockwave-flash"
   ],
   "size":5242880,
   "requirements":[  
      {  
         "type":{  
            "source":"LOMv1.0",
            "value":"operating system"
         },
         "name":{  
            "source":"LOMv1.0",
            "value":"Browser com o Plugin do Adobe Flash Player"
         },
         "minimum_version":"",
         "maximum_version":""
      }
   ],
   "installation_remark":{  
      "language":"pt_BR",
      "value":"Para executar, basta solicitar que um browser com o Plugin do Adobe Flash Player execute o arquivo."
   }
}