{  
   "title":{  
      "language":"pt_BR",
      "value":"Histórias Quase Fantásticas"
   },
   "languages":[  
      "pt_BR",
      "pt"
   ],
   "descriptions":[  
      {  
         "language":"pt_BR",
         "value":"O OAC Histórias Quase Fantásticas tem por objetivo estimular a criatividade para a produção textual."
      }
   ],
   "keywords":[  
      {  
         "language":"pt_BR",
         "value":"Produção textual"
      },
      {  
         "language":"pt_BR",
         "value":"Língua Portuguesa"
      },
      {  
         "language":"pt_BR",
         "value":"Redação"
      }
   ],
   "contributes":[  
      {  
         "entity":[  
            "José",
            "Silva"
         ],
         "date":"2016-11-03 08:45:00"
      }
   ],
   "educational_informations":[  
      {  
         "interactivity_type":{  
            "source":"LOMv1.0",
            "value":"active"
         },
         "interactivity_level":{  
            "source":"LOMv1.0",
            "value":"very high"
         },
         "typicals_age_range":[  
            {  
               "language":"pt_BR",
               "value":"5-10"
            }
         ]
      }
   ],
   "cost":{  
      "source":"LOMv1.0",
      "value":"no"
   },
   "copyright_and_other_restrictions":{  
      "source":"LOMv1.0",
      "value":"yes"
   },
   "rights_description":{  
      "language":"pt_BR",
      "value":"Ao utilizar o OAC Histórias Quase Fantásticas, sempre deverá ser apresentado o nome do autor, de modo a dar o devido crédito."
   },
   "annotations":[  
      {  
         "entity":"Félix",
         "date":"2016-11-05 16:30:00",
         "description":{  
            "language":"pt_BR",
            "value":"O OAC Histórias Quase Fantásticas foi uma ferramenta importante para as aulas de produção textual."
         }
      }
   ]
}