{  
   "formats":[  
      "application/vnd.android.package-archive"
   ],
   "size":5242880,
   "requirements":[  
      {  
         "type":{  
            "source":"LOMv1.0",
            "value":"operating system"
         },
         "name":{  
            "source":"LOMv1.0",
            "value":"Dispositivo Móvel com o Sistema Operacional Android"
         },
         "minimum_version":"4.1",
         "maximum_version":""
      }
   ],
   "installation_remark":{  
      "language":"pt_BR",
      "value":"Para executar, basta solicitar a instalação/execução do arquivo no Android."
   }
}