{  
   "scenes":[  
      {  
         "scene":"cena_inicial",
         "components":[  
            {  
               "name":"TextoApresentacao",
               "position":"D:5:9:71:105:176:277",
               "zindex":0,
               "enabled":true,
               "visibled":true,
               "text":"Olá Garotada. Que tal escrever muitas histórias fantásticas? É só escolher uma das atividades e começar a criar a sua historinha."
            },
            {  
               "name":"MrBook",
               "position":"D:114:48:100:72:176:277",
               "zindex":0,
               "enabled":true,
               "visibled":true,
               "source":"MrBook.png"
            },
            {  
               "name":"BotaoAtividade1",
               "position":"D:90:80:68:58:176:277",
               "zindex":1,
               "enabled":true,
               "visibled":true,
               "label":"Atividade 1"
            },
            {  
               "name":"BotaoAtividade2",
               "position":"D:147:80:68:58:176:277",
               "zindex":1,
               "enabled":true,
               "visibled":true,
               "label":"Atividade 2"
            },
            {  
               "name":"BotaoCreditos",
               "position":"D:215:14:30:25:176:277",
               "zindex":0,
               "enabled":true,
               "visibled":true,
               "label":"Créditos"
            }
         ]
      },
      {  
         "scene":"cena_atividade1",
         "components":[  
            {  
               "name":"TextoApresentacaoAtividade1",
               "position":"D:5:9:71:105:176:277",
               "zindex":0,
               "enabled":true,
               "visibled":true,
               "text":"Escolha um dos cenários a seguir e escreva uma historinha fantástica. Cenários para sua historinha: Circo, Escola, Fazenda, Floresta, Praia ou Sertão."
            },
            {  
               "name":"FolhaAtividade1",
               "position":"D:181:300:139:228:264:222",
               "zindex":0,
               "enabled":true,
               "visibled":true,
               "source":"Folha_Atividade1.png"
            }
         ]
      },
      {  
         "scene":"cena_atividade2",
         "components":[  
            {  
               "name":"TextoApresentacaoAtividade2",
               "position":"D:5:9:71:105:176:277",
               "zindex":0,
               "enabled":true,
               "visibled":true,
               "text":"Agora você poderá escolher o cenário que quiser para uma outra historinha. Vamos lá! Pense em um lugar e escreva mais uma histórinha fantástica."
            },
            {  
               "name":"FolhaAtividade2",
               "position":"D:181:300:139:228:264:222",
               "zindex":0,
               "enabled":true,
               "visibled":true,
               "source":"Folha_Atividade2.png"
            }
         ]
      },
      {  
         "scene":"cena_creditos",
         "components":[  
            {  
               "name":"BotaoVoltar",
               "position":"D:10:7:28:24:154:273",
               "zindex":0,
               "enabled":true,
               "visibled":true,
               "label":"Voltar"
            },
            {  
               "name":"VideoCreditos",
               "position":"D:12:4:150:262:154:273",
               "zindex":0,
               "enabled":true,
               "visibled":true,
               "startTime":0,
               "stopTime":15,
               "source":"Video_Creditos.mp4"
            }
         ]
      }
   ]
}